id,act,in_s,out_s,dur_s,in_frame,out_frame,target_in_s,snap_unit,picture,method,source_stills,camera_move,lighting,callout_ui_id,sfx_cues,neg_space_box,notes
1,1,0.000,3.158,3.158,0,76,0.0,bar,Fade from black (0.3 s) into macro of a silver contact tip turning slowly; specular highlight glides across it,blender|i2v,stills/act1/01_contact_tip.png,"slow push + ~10 deg rotation; drift <=10 px/s median (ref shot 1: 3.9 px/s median, 106 px/s p90 specular glide)","black void, cold white rim light, extreme macro, shallow DOF",,sub impact @0.0; glass shimmer on specular,TBD-P2 (measure on key still),
2,1,3.158,4.737,1.579,76,114,3.0,bar,"Arc-chute splitter plates floating in a fanned stack, steel edges catching light",blender|i2v,stills/act1/02_arc_plates.png,slow drift + tumble; ~60 px/s median (ref shot 2),"black -> faint navy, icy blue-white edges",,tonal ting on edge highlights,TBD-P2 (measure on key still),
3,1,4.737,7.895,3.158,114,189,5.0,bar,Bimetal strip + trip coil and a latch spring tumbling slowly; blue gradient blooms in from screen-right,blender|i2v,stills/act1/03_bimetal_spring.png,slow orbit; <=5 px/s median (ref shot 3: 1.5 px/s),black; first blue bloom at right motivates Act 2 colour,,ting; low pad swell,TBD-P2 (measure on key still),
4,1,7.895,10.066,2.171,189,242,7.5,bar,Transition: pane of optical glass (the headset display glass) drifts through frame and catches the light,blender|i2v,stills/act1/04_glass_pane.png,lateral drift ~10 px/s (ref shot 4: 10 px/s),"navy gradient begins, soft particles",,airy glass shimmer,TBD-P2 (measure on key still),bridge MCB parts -> wearable parts
5,2,10.066,12.237,2.171,242,294,10.0,half-beat,See-through glass slides into its frame in front of where the eye will be,i2v start+end|2.5D,stills/act2/05_glass_start.png;stills/act2/05_glass_end.png,slow slide along the part ~18 px/s (ref shot 5),"navy gradient, teal glow top-right, gunmetal product",display,mechanical seat click; UI draw tick,TBD-P2 (measure on key still),callout at seat moment
6,2,12.237,14.605,2.368,294,351,12.3,half-beat,PCB macro; AI chip die glints; traces light up in sequence,i2v|2.5D,stills/act2/06_pcb.png,slow push; near-static,"navy, hard speculars on solder",ai,soft electronic tick sequence; UI draw tick,TBD-P2 (measure on key still),sub2 'MPU + MCU' shown
7,2,14.605,16.579,1.974,351,398,14.6,half-beat,Camera module seats into the front; lens iris catches light,i2v start+end|2.5D,stills/act2/07_camera_start.png;stills/act2/07_camera_end.png,slow push (ref shot 6),"steel grey + navy, hard speculars",camera,precise seat click; UI draw tick,TBD-P2 (measure on key still),
8,2,16.579,18.750,2.171,398,450,16.6,half-beat,Temple-side bone-conduction transducer clicks into the band,i2v start+end|2.5D,stills/act2/08_transducer_start.png;stills/act2/08_transducer_end.png,slow tilt,blue light sweep across metal (ref shot 7),voice,click; UI draw tick,TBD-P2 (measure on key still),
9,2,18.750,20.526,1.776,450,493,18.8,half-beat,Speaker grille macro; subtle pressure ripple on the air,i2v,stills/act2/09_speaker.png,"near-static, slight push","navy, teal rim",speaker,soft low pulse; UI draw tick,TBD-P2 (measure on key still),
10,2,20.526,22.697,2.171,493,545,20.6,half-beat,Board edge: ESP Wi-Fi module and memory chip seat,i2v start+end|2.5D,stills/act2/10_board_edge_start.png;stills/act2/10_board_edge_end.png,slow slide,"navy, speculars",connect,two seat clicks; UI draw tick,TBD-P2 (measure on key still),
11,2,22.697,24.079,1.382,545,578,22.6,half-beat,Status LED powers on (power-on beat). No callout,i2v,stills/act2/11_led.png,static,blue sweep then LED glow,,LED power-on tone,TBD-P2 (measure on key still),
12,3,24.079,24.671,0.592,578,592,24.0,half-beat,"Ghosted, double-exposed profile of the worker (teal); transition beat",i2v|comp,stills/act3/12_ghost_profile.png,dissolve/ghost,"teal key, near-black",,riser peak,TBD-P2 (measure on key still),mirrors ref shot 8
13,3,24.671,27.039,2.368,592,649,24.6,half-beat,"HERO REVEAL: complete headset floating, slow 3/4 rotation, top rim light, dark studio",i2v (product bible hero),stills/bible/hero_34.png;stills/bible/front.png,"locked-off camera, product rotates ~15 deg","dark studio, top rim light",,pre-drop dip in music,TBD-P2 (measure on key still),
14,3,27.039,28.421,1.382,649,682,27.0,half-beat,"DROP on first frame. Worker's hands lift the headset and put it on; blue backdrop, close, handheld feel",i2v,stills/act3/14_hands_on.png,"handheld, close; fast hand motion",saturated blue backdrop,,DROP; cloth/handling foley,TBD-P2 (measure on key still),hands never tap the device
15,3,28.421,30.592,2.171,682,734,28.5,half-beat,"3/4 close-up of worker wearing it, focused; slow push. Then macro of the camera window on the device",i2v x2 (split at ~29.6),stills/act3/15a_worn_34.png;stills/act3/15b_camera_window.png,slow push (~60 px/s p90 ref shot 12),"blue bg, warm skin",,,TBD-P2 (measure on key still),
16,3,30.592,31.579,0.987,734,758,30.5,half-beat,"Dip to dark blue, then extreme eye macro; display glass as soft reflection in the iris",i2v|comp,stills/act3/16_eye_macro.png,static,"cool key, bright catchlight",,dip whoosh,TBD-P2 (measure on key still),mirrors ref shot 14
17,4,31.579,32.566,0.987,758,782,31.5,half-beat,"Wide: assembly line, rows of stations, the worker at her bench wearing the device",i2v,stills/act4/17_line_wide.png,static medium-wide (ref shot 15),"practical cyan/white, ESD benches",,factory ambience in (under music),TBD-P2 (measure on key still),no readable text in plate
18,4,32.566,36.513,3.947,782,876,32.5,half-beat,"POV through the glass, hero UI 1: hands hold moving-contact assembly steady; amber outline on tip, label 'Contact tip oxidised', verdict REJECT; worker says 'Reject.'; shutter tick + toast",i2v (steady hands) + Remotion OnGlassUI tracked,stills/act4/18_pov_contact.png,"POV, hands steady; minimal drift so tracking holds","natural bench light, cool",ui.defect_1;ui.verdict_reject;ui.toast_photo;voice.worker_1,outline tick; REJECT low note; shutter; voice 'Reject.',TBD-P2 (measure on key still),track -> gfx/tracks/18.json
19,4,36.513,37.303,0.790,876,895,36.5,half-beat,Close-up of her eye/face with the glass lit; teal/orange split,i2v,stills/act4/19_face_split.png,"static, slight whip in",teal/orange split,,,TBD-P2 (measure on key still),mirrors ref shot 17
20,4,37.303,40.066,2.763,895,962,37.3,half-beat,POV hero UI 2: finished MCB in hands; thin sweep scans it; PASS in green; she says 'Next.'; MCB slides to conveyor toward composited sign 'Electrical testing',i2v + Remotion OnGlassUI tracked + sign comp,stills/act4/20_pov_mcb.png,POV; hands steady then slide right,natural bench light,ui.verdict_pass;ui.station_sign;voice.worker_2,sweep tone; PASS two-note; voice 'Next.',TBD-P2 (measure on key still),track -> gfx/tracks/20.json
21,4,40.066,40.461,0.395,962,971,40.0,half-beat,Flash burst: 3-5 micro-cuts of 2-3 frames with whip blur,edit (frames from 17-25 + whip blur),,whips,mixed,,hits,TBD-P2 (measure on key still),mirrors ref 30.4-30.8; lands on hits
22,4,40.461,43.026,2.565,971,1033,40.4,half-beat,"POV critical: MCB with arc chute missing a plate; red outline on chute, 'Arc plate missing', REJECT; device voice: 'Critical. Arc plate missing.'",i2v + Remotion OnGlassUI tracked,stills/act4/22_pov_arc_chute.png,"POV, steady","natural, slightly colder",ui.defect_2;ui.verdict_reject;voice.device_1,REJECT low note; device voice band-limited,TBD-P2 (measure on key still),track -> gfx/tracks/22.json
23,4,43.026,45.592,2.566,1033,1094,43.0,half-beat,Supervisor at line-end with tablet: shift report bars + trend alert card; rack focus tablet -> line,i2v + Remotion Tablet comp (screen replace),stills/act4/23_supervisor_tablet.png,rack focus,"cool practicals, one warm accent",ui.tablet_title;ui.tablet_bars;ui.trend_alert,soft UI tick,TBD-P2 (measure on key still),tablet screen tracked -> gfx/tracks/23.json
24,4,45.592,46.579,0.987,1094,1118,45.5,half-beat,Medium: QC inspector reviewing a rejected-part photo (with batch code) on a monitor; traceability beat,i2v + Remotion MonitorPhoto comp,stills/act4/24_qc_monitor.png,static,"monitor glow, cool",ui.toast_photo (batch code reuse),,TBD-P2 (measure on key still),monitor tracked -> gfx/tracks/24.json
25,4,46.579,48.553,1.974,1118,1165,46.5,half-beat,"Fast montage, 3 shots on the beat: hands assembling, toggle flicked, tray of passed MCBs",i2v x3,stills/act4/25a_hands.png;stills/act4/25b_toggle.png;stills/act4/25c_tray.png,static/close,one magenta/amber accent shot here,,3 hits,TBD-P2 (measure on key still),"cuts at +0.0 / +0.66 / +1.33 approx, snapped to beats"
26,4,48.553,49.934,1.381,1165,1198,48.5,half-beat,Macro: fingers adjust the device's glass position; then the eye seen through the glass,i2v x2,stills/act4/26a_adjust.png;stills/act4/26b_eye_through_glass.png,close; static,blue rim; skin with blue edge,,,TBD-P2 (measure on key still),mirrors ref 23-24; adjusting glass != tapping a control
27,5,49.934,53.092,3.158,1198,1274,50.0,half-beat,ONLY high-key shot: bright seamless pale-lavender/white set; headset set down beside tray of passed MCBs; hand leaves; it rests,i2v start+end,stills/act5/27_rest_start.png;stills/act5/27_rest_end.png,locked-off,"high-key, luma ~182/255, sat ~30 (ref dock shot)",,music decays,TBD-P2 (measure on key still),no dock: brief has none
28,5,53.092,53.487,0.395,1274,1284,53.0,half-beat,Hard cut to black,remotion,,,black,,,TBD-P2 (measure on key still),
29,5,53.487,55.855,2.368,1284,1341,53.5,half-beat,"Product name card: white on black, fade in 0.5 s, hold 0.8 s, fade out 0.8 s",remotion EndCards,,static,white on #000,end.name;end.descriptor,soft swell,TBD-P2 (measure on key still),
30,5,55.855,56.250,0.395,1341,1350,55.8,half-beat,Black,remotion,,,black,,,TBD-P2 (measure on key still),
31,5,56.250,59.605,3.355,1350,1431,56.2,half-beat,"Logo card: fade in 0.25 s, hold ~3 s, fade out 0.5 s; audio silent from ~58.0",remotion EndCards,,static,white on #000,end.logo,soft swell then silence,TBD-P2 (measure on key still),logo missing in brand/ -> wordmark or skip (PROMPT §10)
32,5,59.605,60.395,0.790,1431,1449,59.6,half-beat,Black tail,remotion,,,black,,,TBD-P2 (measure on key still),
